{
  "project_info": {
    "project_number": "261290566205",
    "project_id": "notewiz-83bc3",
    "storage_bucket": "notewiz-83bc3.firebasestorage.app"
  },
  "client": [
    {
      "client_info": {
        "mobilesdk_app_id": "1:261290566205:android:49c03b41b2bba501f14054",
        "android_client_info": {
          "package_name": "com.nwprototype"
        }
      },
      "oauth_client": [],
      "api_key": [
        {
          "current_key": "AIzaSyAOBRPl-IXbflZX4236dHmjazsk107KCIE"
        }
      ],
      "services": {
        "appinvite_service": {
          "other_platform_oauth_client": []
        }
      }
    }
  ],
  "configuration_version": "1"
}